company_name,Last Traded Price,pct_change,absolute_change,volume,buy_price,sell_price,buy_qty,sell_qty
360 ONE WAM,1,138.9,-0.38,-4.3,1,662,158,0
3M India,34,875,-0.4,-140,3,857,34,875
Aadhar Housing,488,1.57,7.55,251,19,0,488,0
Aarti Ind,369.8,1.54,5.6,417,538,0,369.8,0
AAVAS Financier,1,458.2,0.17,2.5,237,823,0,1
Abbott India,28,35,0.2,55,3,745,0,28
ACC,1,751.5,-0.19,-3.4,220,65,1,751.5
ACME Solar,232.71,-0.03,-0.07,1,335,471,0,232.71
Action Const,927.5,0.25,2.3,121,845,0,927.5,0
Adani Total Gas,568.75,-2.27,-13.2,760,702,568.75,0,505
AB Capital,348.7,1.29,4.45,4,825,518,0,348.7
Aditya Birla F,76.82,1.86,1.4,2,725,648,0,76.82
Aditya Birla Re,1,738.7,1.2,20.6,133,661,0,0
ABSL AMC,760.7,-3.02,-23.7,348,492,0,760.7,0
Aegis Logistics,736.25,0.9,6.55,146,816,736.25,0,9
Afcons Infra,379.85,0.11,0.4,1,73,383,379.85,0
AFFLE 3I,1,719,2.68,44.9,742,479,1,719
AIA Engineering,3,803.9,0.09,3.6,29,688,3,803.9
Ajanta Pharma,2,632.6,1.24,32.3,110,6,0,0
Akums Drugs P,427.2,1.22,5.15,79,62,427.2,0,313
Alembic Pharma,859.9,1.37,11.65,65,161,0,859.9,0
Alivus Life,900.65,0.08,0.75,28,703,0,900.65,0
Alkem Lab,5,555.5,0.62,34.5,51,668,5,555.5
Alkyl Amines,1,608.7,2.63,41.3,23,228,0,1
Alok Industries,16.04,2.36,0.37,3,458,437,16.04,0
Amara Raja,925.55,0.15,1.4,208,841,925.55,0,1
Amber Enterpris,6,681,1.45,95.5,182,921,0,6
Anand Rathi,3,3.2,0.43,12.8,419,182,0,3
Anant Raj,551.6,3.76,20,3,779,244,551.6,0
Angel One,2,518.1,1.57,39,588,239,0,2
Apar Ind,8,757.5,1.73,149,105,70,8,757.5
APL Apollo,1,820.1,1.36,24.4,521,770,0,0
Apollo Tyres,507.05,2.24,11.1,1,434,222,0,507.05
APTUS VALUE,283.55,0.25,0.7,334,9,283.55,0,12
Asahi India,1,8.7,2.71,26.6,760,159,0,1
Ashok Leyland,173.56,1.16,1.99,16,822,313,173.56,0
Aster DM Health,598.2,1.05,6.2,892,132,0,0,0
Astral Ltd,1,423.6,1.12,15.7,1,26,91,1
AstraZeneca,9,91.5,0.16,14.5,5,946,0,9
Atul,6,7,3.58,207.5,138,405,0,6
AU Small Financ,985.15,-0.25,-2.5,2,775,343,0,985.15
Aurobindo Pharm,1,225.1,1.31,15.8,1,396,499,0
Authum Invest,2,908.5,7.63,206.3,526,64,2,908.5
AWL Agri,244.85,2.34,5.6,1,309,983,244.85,0
Balkrishna Ind,2,365.4,-0.05,-1.3,108,298,0,2
Balrampur Chini,437.65,-2.92,-13.15,986,605,0,437.65,0
Bandhan Bank,150.09,3.28,4.76,10,953,964,0,150.09
Bank of India,143.21,0.64,0.91,4,35,757,0,143.21
Bank of Mah,57.31,1.65,0.93,8,998,94,57.31,0
BASF,3,897.8,2.17,82.6,14,985,3,897.8
Bata India,950.65,1.12,10.55,95,986,950.65,0,12
Bayer CropScien,4,301.4,0.27,11.7,143,667,0,0
BEML,1,721.4,3.27,54.5,175,133,0,1
Berger Paints,538,0.31,1.65,268,604,0,538,0
Bharat Dynamics,1,373.1,2.28,30.6,859,88,1,373.1
Bharat Forge,1,439.9,2.3,32.4,503,965,0,0
BHEL,275.75,0.25,0.7,7,50,742,0,275.75
Bharti Hexacom,1,793.4,1.63,28.8,195,847,0,1
Bikaji Foods,749.2,0.81,6,105,640,0,749.2,0
Biocon,398.55,1.61,6.3,4,142,159,0,398.55
Birlasoft,433.45,0.02,0.1,766,933,433.45,0,242
BLS Internation,325.3,2.8,8.85,12,333,221,0,325.3
Blue Dart,5,408.5,2.43,128.5,17,548,0,5
Blue Star,1,781.4,-3.95,-73.2,850,41,0,1
Bombay Burmah,1,902.9,0.37,7.1,24,172,0,1
Brainbees Solu,296.7,-0.35,-1.05,1,470,168,0,296.7
Brigade Ent,866.95,-1.05,-9.2,130,800,866.95,0,1
BSE Limited,2,684.8,0.07,1.9,3,867,770,0
C. E. Info Syst,1,667.3,0.36,5.9,54,758,0,1
Campus Active,263.7,2.69,6.9,148,691,0,263.7,0
Can Fin Homes,936.6,1.42,13.15,296,202,0,936.6,0
Caplin Labs,1,926.9,1.01,19.3,23,454,0,0
Capri Global,180.32,1.66,2.95,650,301,0,0,0
Carborundum,856.25,0.71,6.05,92,965,0,856.25,0
Castrol,182.82,-0.28,-0.52,888,709,182.82,0,866
CCL Products,969.9,-2.06,-20.4,133,767,0,969.9,0
Ceat,3,931.7,5.03,188.4,416,926,0,3
Central Bank,36.78,2.11,0.76,7,343,751,36.78,0
CDSL,1,499.6,0.67,10,817,447,0,0
CenturyPlyboard,822.9,0.6,4.9,76,505,0,822.9,0
Cera Sanitary,5,291.5,0.01,0.5,12,105,5,291.5
CESC,169.04,1.97,3.27,963,684,0,169.04,0
Chalet Hotels,871.1,1.7,14.55,54,251,0,871.1,0
Chambal Fert,445.35,1.17,5.15,792,544,445.35,0,50
Chennai Petro,887.9,-0.35,-3.15,817,240,0,887.9,0
Chola Fin Hold,1,827.6,1.05,19,177,162,0,0
City Union Bank,278.85,1.33,3.65,1,334,208,0,278.85
Clean Science,900.45,-0.43,-3.85,136,683,0,900.45,0
Cochin Shipyard,1,548.3,2.8,42.2,606,429,1,548.3
COFORGE,1,845.4,-0.51,-9.4,2,31,217,0
Cohance Life,538.45,1.66,8.8,740,594,0,538.45,0
Colgate,2,111.1,1.01,21.1,399,228,2,111.1
CAMS,758.1,0.77,5.8,787,312,0,758.1,0
Concord Biotech,1,336,-0.59,-7.9,44,41,0,1
Container Corp,501.35,0.62,3.1,656,526,501.35,0,65
Coromandel Int,2,358.5,4.92,110.6,901,115,2,358.5
Craftsman,7,42.5,-0.41,-29,23,667,0,7
CreditAccess Gr,1,279.9,1.19,15.1,155,355,1,279.9
CRISIL,4,378.2,1.11,48.1,87,730,0,4
CG Consumer,255.6,-0.02,-0.05,3,766,354,255.6,0
Cummins,4,410.4,0.57,25,507,355,0,4
Cyient,1,157.6,1.43,16.3,300,830,1,157.6
Dalmia Bharat,2,15.3,-0.45,-9.1,228,328,2,15.3
Data Patterns,2,556.4,1.74,43.8,173,803,0,2
DCM Shriram,1,212.5,-0.39,-4.7,36,224,0,0
Deepak Fert,1,204.8,0.83,9.9,174,239,0,1
Deepak Nitrite,1,667,5.34,84.5,683,67,0,1
Delhivery,405.95,0.89,3.6,2,827,513,0,405.95
Devyani Int,130.86,3.77,4.75,1,258,340,0,130.86
Dixon Technolog,13,268,-0.23,-31,585,596,0,13
DOMS Industries,2,589.4,1.99,50.6,24,441,2,589.4
Dr Lal PathLab,1,391.6,0,1,391.6,487,16,0
eClerx Services,4,524.5,1.26,56.3,45,561,4,524.5
EID Parry,1,0.2,-2.59,-26.6,355,619,1,0.2
EIH,366.85,1.82,6.55,1,227,273,0,366.85
Elecon Eng,482.8,2.44,11.5,298,741,0,0,0
Elgi Equipments,470.6,0.68,3.2,204,90,0,470.6,0
Emami,519.25,-1.58,-8.35,664,682,519.25,0,17
Emcure Pharmace,1,385,-0.2,-2.8,43,615,0,1
Endurance Techn,2,695.8,3.03,79.3,84,949,0,0
Engineers India,199.22,2.43,4.73,1,533,185,0,199.22
Eris Life,1,571.6,1.26,19.5,36,657,1,571.6
Escorts Kubota,3,615.8,-0.62,-22.6,125,821,0,3
Exide Ind,363.25,1.17,4.2,1,661,778,0,363.25
Federal Bank,267.85,0.92,2.45,7,746,13,267.85,0
Fert and Chem,863.05,1.51,12.85,132,379,863.05,0,676
Finolex Cables,787.25,1.61,12.45,392,875,0,787.25,0
Finolex Ind,166.18,0.7,1.16,246,677,166.18,0,7
Firstsource Sol,346.5,1.21,4.15,406,485,0,346.5,0
Five-Star Busin,569.9,-3.41,-20.15,813,666,569.9,0,217
Fortis Health,890.9,2.83,24.55,4,605,427,0,890.9
FSN E-Co Nykaa,249.05,2.03,4.95,4,9,145,0,249.05
Garden Reach Sh,2,297.2,3.38,75,1,240,287,2
GE Vernova TD,2,927,2.29,65.5,853,885,0,2
General Insuran,365.45,0.87,3.15,707,595,365.45,0,2
Gillette India,7,983.5,-0.14,-11,18,471,7,983.5
Gland,1,671.7,0.32,5.4,104,194,1,671.7
GlaxoSmithKline,2,529,-0.99,-25.2,126,499,2,529
Glenmark,1,992.1,1.79,35,527,847,0,1
Global Health,1,169.6,1.47,17,136,553,1,169.6
GMR Airports,101.53,0.93,0.94,32,492,470,101.53,0
Go Digit,343.3,0.22,0.75,571,412,343.3,0,401
Godawari Power,235.55,-1.08,-2.58,918,595,235.55,0,327
Godfrey Phillip,2,814.8,1.92,53.1,175,523,2,814.8
Godrej Agrovet,570.85,1.36,7.65,73,579,570.85,0,30
Godrej Ind,992.6,-1.74,-17.6,206,281,992.6,0,30
Godrej Prop,2,44.8,2.25,45,628,62,0,2
Granules India,583.4,0.27,1.55,2,93,530,583.4,0
Graphite India,549.15,4.33,22.8,630,759,0,549.15,0
Gravita India,1,811.2,-0.52,-9.4,451,688,1,811.2
GE Shipping,1,92.9,-1.7,-18.9,358,177,1,92.9
Gujarat Fluoro,3,611.9,2.05,72.7,55,301,0,3
Gujarat Gas,395.15,3.13,12,488,401,0,395.15,0
Guj Mineral,516.75,0.33,1.7,2,168,967,0,516.75
GNFC,485.85,-0.42,-2.05,144,791,485.85,0,157
Gujarat Pipavav,193.61,1.22,2.34,3,319,849,0,193.61
Guj State Petro,289.5,3.04,8.55,1,20,461,289.5,0
Happiest Minds,483.7,1.64,7.8,222,667,483.7,0,43
HBL Eng,845.45,3.25,26.6,4,553,936,0,845.45
HDFC AMC,2,672.2,-1.86,-50.7,2,244,48,0
HEG,530.2,1.86,9.7,345,772,0,530.2,0
HFCL,64.12,-0.77,-0.5,9,656,526,0,64.12
Himadri Special,478.35,3.28,15.2,1,170,689,0,478.35
Hind Copper,387.55,0.03,0.1,10,530,81,387.55,0
HINDPETRO,469.75,1.24,5.75,3,305,705,0,469.75
Hind Zinc,588.75,-0.57,-3.4,9,490,652,0,588.75
Hitachi Energy,18,555,2.18,395,154,124,0,18
Home First,1,149.8,-0.51,-5.9,589,222,1,149.8
Honasa Consumer,270.35,4.54,11.75,1,296,338,0,270.35
Honeywell Autom,33,785,0.48,160,2,101,33,785
HUDCO,211.27,2.11,4.37,2,439,449,0,0
IDBI Bank,98.13,0.6,0.59,4,138,575,98.13,0
IDFC First Bank,84.68,1.06,0.89,65,501,93,0,84.68
IFCI,47.92,2.37,1.11,2,199,698,0,47.92
IIFL Finance,564.6,0.73,4.1,619,576,564.6,0,131
Indegene,531.65,-0.74,-3.95,122,556,531.65,0,3
India Cements,438,1.64,7.05,2,334,485,0,438
Indiamart Inter,2,216.6,-2.09,-47.4,79,312,2,216.6
Indian Bank,781.4,0.46,3.55,2,15,690,0,781.4
IEX,141.4,1.17,1.64,4,243,823,141.4,0
IOB,33.99,-0.26,-0.09,9,141,276,33.99,0
Indian Renew,133.19,1.35,1.77,4,37,139,133.19,0
IGL,193.96,-1.06,-2.07,2,365,510,0,193.96
INDUS TOWERS,414.05,1.3,5.3,10,797,815,0,414.05
Inox India,1,132.9,0.91,10.2,30,694,0,0
Inox Wind,126.87,2.14,2.66,4,405,594,126.87,0
Intellect Desig,1,53.6,2.86,29.3,295,225,1,53.6
IGIL,315.75,-0.11,-0.35,477,503,315.75,0,176
Inventurus Know,1,695.6,2.49,41.2,150,332,0,1
Ipca Labs,1,424.8,1.36,19.1,169,772,1,424.8
IRB Infra,41.09,0.81,0.33,6,23,267,41.09,0
Ircon Internati,152.95,1.96,2.94,1,458,573,152.95,0
IRCTC,674,1.53,10.15,678,900,674,0,1
ITI,313.8,6.64,19.55,32,273,744,0,313.8
J. K. Cement,5,419.5,-0.53,-29,43,408,5,419.5
Jaiprakash Pow,17.94,2.34,0.41,32,660,128,17.94,0
JK Bank,98.46,-1.31,-1.31,3,718,35,98.46,0
JB Chemicals,1,805.7,1.05,18.7,90,461,0,1
JBM Auto,572.1,5.18,28.2,4,535,569,0,572.1
Jindal Saw,160.92,-1.83,-3,1,344,787,160.92,0
Jindal Stainles,802.2,0.51,4.1,472,683,0,802.2,0
JK Tyre Ind,485.75,5.86,26.9,6,940,50,485.75,0
JM Financial,142.56,-0.36,-0.51,4,190,489,142.56,0
JSW Holdings,19,970,-0.4,-80,11,355,19,970
JSW Infra,277.1,1.11,3.05,1,169,186,277.1,0
Jubilant Food,563.7,0.89,5,1,860,282,563.7,0
Jubilant Ing.,709.9,5.05,34.15,1,285,71,709.9,0
Jubilant Pharmo,1,87.1,3.09,32.6,385,360,0,1
Jupiter Wagons,260.25,2.48,6.3,761,147,260.25,0,124
Just Dial,730.25,3.46,24.4,162,29,730.25,0,172
Jyothy Labs,281,-0.95,-2.7,310,830,281,0,1
Jyoti CNC Auto,951.1,3.78,34.6,742,729,0,951.1,0
Kajaria Ceramic,1,53.7,-1.34,-14.3,239,450,0,1
KPIL,1,151.2,2.77,31,155,235,0,1
Kalyan Jeweller,484.85,2.97,14,2,727,535,0,484.85
Kansai Nerolac,222.98,0.94,2.07,385,627,222.98,0,12
Karur Vysya,252.39,1.83,4.53,1,505,834,252.39,0
Kaynes Tech,4,185,3.42,138.5,2,425,907,0
KEC Intl,711,1.53,10.7,297,855,0,711,0
KEI Industries,4,284.4,4.84,197.6,376,557,0,4
KFin Tech,1,78.1,0.85,9.1,1,829,163,0
Kirloskar Bros,1,645.4,2.59,41.5,52,884,0,1
Kirloskar Oil,1,244.8,-3.16,-40.6,606,280,1,244.8
KNR Construct,146.46,3.07,4.36,1,138,920,146.46,0
KPIT Tech,1,224.6,5.5,63.8,1,651,986,0
KPR Mill,974.6,0.93,9,118,639,0,974.6,0
Krishna Inst.,639.3,0.8,5.05,341,242,0,639.3,0
L&T Finance,300.3,0.15,0.45,5,32,118,0,300.3
Latent View,480.2,-0.46,-2.2,281,519,480.2,0,1
Laurus Labs,1,45.2,2.92,29.7,2,844,49,0
Lemon Tree,159.83,0.54,0.86,904,603,0,159.83,0
LIC Housing Fin,532.45,0.82,4.35,781,527,532.45,0,47
Linde India,5,896,-0.75,-44.5,28,926,5,896
Lloyds Metals,1,300.9,-0.69,-9,567,162,0,1
LT Foods,401.35,1.43,5.65,356,357,0,401.35,0
LT Technology,4,515.2,-0.8,-36.3,78,505,4,515.2
Lupin,2,125.8,0.32,6.7,595,995,0,0
Mahanagar Gas,1,151,2.61,29.3,180,783,1,151
Mah Seamless,554.85,-1.09,-6.1,109,504,554.85,0,1
MM Financial,376.6,3.14,11.45,5,356,269,0,376.6
Manappuram Fin,292.65,1.95,5.6,3,476,859,292.65,0
MRPL,148.22,3.15,4.52,4,187,18,0,148.22
Mankind Pharma,2,172.1,1.41,30.1,491,349,2,172.1
Marico,741.2,-0.17,-1.25,1,82,44,0,741.2
Mastek,2,153.3,0.73,15.5,42,163,0,2
Max Financial,1,689.9,0.2,3.3,605,147,0,1
Max Healthcare,1,75.8,2.6,27.3,3,285,719,0
Mazagon Dock,2,408.2,2.13,50.2,1,28,888,2
Metropolis,1,885.8,0.88,16.5,35,91,0,0
Minda Corp,596.65,2.58,15,204,95,596.65,0,1
MMTC,55.26,2.07,1.12,1,26,12,0,55.26
Motherson SWI,47.65,6.12,2.75,49,911,481,0,47.65
Motilal Oswal,860.5,-0.83,-7.2,912,890,0,860.5,0
MphasiS,2,890.2,0.08,2.3,410,473,0,0
MRF,153,580,0.87,1,320,8,953,0
MCX India,10,307,1.33,135,471,633,0,10
Muthoot Finance,3,781.2,0.83,31.3,429,282,0,3
Narayana Hruda,1,898.6,3.35,61.6,646,192,1,898.6
Natco Pharma,916.75,0.21,1.9,828,324,916.75,0,274
NALCO,278.5,-0.27,-0.75,5,757,96,278.5,0
NAVA,577.65,1.6,9.1,427,124,577.65,0,301
Navin Fluorine,5,845,0.65,37.5,148,636,0,5
NBCC (India),113.7,5.02,5.44,17,749,11,0,113.7
NCC,155.9,1.85,2.83,2,813,537,0,155.9
Netweb,3,250.9,4.18,130.3,578,563,0,3
Network 18,41.86,1.09,0.45,2,47,310,41.86,0
Neuland Lab,16,44,1.55,245,80,404,0,16
New India Assur,155.74,-2.03,-3.22,1,158,123,0,155.74
Newgen Software,828.25,-0.79,-6.6,328,501,828.25,0,4
NHPC,76.61,2.09,1.57,8,352,760,0,76.61
Nippon,888.45,-2.97,-27.2,1,47,323,0,888.45
Niva Bupa Healt,75.52,1.21,0.9,600,484,75.52,0,3
NLC India,239.01,0.6,1.42,543,79,0,239.01,0
NMDC,76.3,-0.27,-0.21,9,994,984,76.3,0
NMDC Steel,40.11,1.08,0.43,2,145,60,0,40.11
NTPC Green Ener,89.92,-0.16,-0.14,3,888,880,89.92,0
Nuvama Wealth,7,169,-1.81,-132.5,228,356,0,0
Oberoi Realty,1,675.3,1.03,17.1,430,811,0,1
Oil India,405.05,1.3,5.2,1,551,480,405.05,0
Ola Electric,34.38,9.98,3.12,252,313,288,34.38,0
Olectra Greente,1,175.3,3.64,41.3,372,214,1,175.3
One 97 Paytm,1,336,3.88,49.9,7,311,327,1
Oracle Fin Serv,7,823.5,2.1,161,102,445,0,7
Page Industries,35,745,0.14,50,41,521,35,745
Patanjali Foods,559.4,1.65,9.1,1,887,14,0,559.4
PB Fintech,1,888.9,2.97,54.5,1,282,293,1
PCBL Chemical,307.1,-0.84,-2.6,928,817,307.1,0,419
Persistent,6,358,0.63,39.5,261,141,6,358
Petronet LNG,273.85,1.88,5.05,2,108,474,0,273.85
Pfizer,5,97.6,-0.06,-3.1,19,33,0,5
PG Electroplast,582,2.76,15.65,1,478,823,0,582
Phoenix Mills,1,831.3,1.85,33.3,462,926,1,831.3
PI Industries,3,249.6,1.11,35.8,239,968,3,249.6
Piramal Enter,1,124.6,0,0,0,1,124.6,1
Piramal Pharma,171.28,2.86,4.76,3,929,834,171.28,0
PNB Housing Fin,927.8,3.53,31.65,2,275,95,0,927.8
PNC Infratech,253.21,2.25,5.56,148,414,253.21,0,34
Poly Medicure,1,810.3,0.75,13.5,131,334,0,1
Polycab,7,439,4.79,340,630,329,0,7
Poonawalla Fin,448.8,1.08,4.8,658,856,0,448.8,0
Praj Industries,343.2,1.16,3.95,1,448,696,0,343.2
Premier Energie,885.55,-1.02,-9.15,1,897,381,0,885.55
Prestige Estate,1,624.1,1.49,23.9,413,389,0,1
PTC Industries,17,492,3.44,581,28,778,0,17
PVR INOX,1,60.4,1.54,16.1,509,296,1,60.4
R R Kabel,1,487,3.97,56.8,755,803,1,487
Radico Khaitan,3,194.9,1,31.5,389,886,3,194.9
Rail Vikas,319.15,4.31,13.2,5,25,216,0,319.15
Railtel,333.3,2.22,7.25,722,993,333.3,0,4
Rainbow Child,1,317.8,-0.48,-6.3,63,620,0,1
RamkrishnaForge,477.95,-0.08,-0.4,330,564,477.95,0,547
Rashtriya Chem,138.6,0.66,0.91,724,170,138.6,0,4
Rattanindia Ent,41.35,3.09,1.24,5,875,415,41.35,0
Raymond,424.85,-0.2,-0.85,249,135,0,424.85,0
Raymond Life,1,62,4.84,49,95,134,0,1
RBL Bank,300.25,0.5,1.5,2,456,528,0,300.25
Redington,272.2,1.17,3.15,1,344,398,272.2,0
Reliance Power,38.56,2.06,0.78,52,165,113,0,38.56
RHI Magnesita,456.75,4.52,19.75,382,92,0,456.75,0
RITES,226.55,1.75,3.89,271,775,226.55,0,683
Route,719.9,-1.37,-10,564,725,719.9,0,1
Sagility,52,2.08,1.06,58,691,952,52,0
Sai Life Sci,917.6,4.68,41.05,625,259,917.6,0,1
Sammaan Capital,145.05,1.09,1.57,8,361,531,0,145.05
Sapphire Foods,230.64,2.2,4.96,1,851,297,230.64,0
Sarda Energy,510.45,-0.21,-1.05,392,155,510.45,0,35
Saregama India,348.2,-0.34,-1.2,452,234,348.2,0,202
SBFC Finance,103.63,0.28,0.29,936,296,103.63,0,278
SBI Card,870.3,2.61,22.15,1,516,944,870.3,0
Schaeffler Ind,3,839.8,1.23,46.5,39,558,3,839.8
Schneider Infra,726.6,3.84,26.85,255,872,726.6,0,1
Shipping Corp,209.71,0.35,0.73,4,226,737,209.71,0
Shree Renuka,25.6,-4.73,-1.27,10,766,818,25.6,0
Shyam Metalics,818.05,2.15,17.2,78,681,818.05,0,70
SignatureGlobal,1,146.5,0.9,10.2,270,189,0,1
SJVN,72.84,3.51,2.47,3,985,309,0,72.84
SKF India,1,739.6,-1.53,-27.1,134,425,0,0
Sobha,1,465.1,1.83,26.3,231,125,1,465.1
Solar Ind,11,911,1.18,139,132,829,11,911
Sona BLW,496.8,2.13,10.35,4,151,451,496.8,0
Sonata,344.6,1.44,4.9,498,925,344.6,0,270
SRF,3,90.3,1.3,39.6,478,720,0,3
Star Health,465.35,0.83,3.85,227,684,0,0,0
SAIL,125.91,-1.07,-1.36,21,222,260,0,125.91
Sterling Wilson,213.82,1.4,2.96,1,181,549,0,213.82
SUMITOMO,442.6,-1.02,-4.55,386,380,442.6,0,871
Sun TV Network,543,-0.94,-5.15,313,614,543,0,21
Sundaram Fin,4,931.6,2.56,123.3,82,431,4,931.6
Sundram,939.75,1.36,12.65,43,780,0,939.75,0
Supreme Ind,3,368.1,0.81,27.2,305,64,0,3
Suzlon Energy,52.59,1.56,0.81,37,121,138,52.59,0
Swan Corp,468.2,-0.62,-2.9,438,52,0,468.2,0
Syngene Intl,654.15,-0.45,-2.95,664,90,0,654.15,0
Syrma SGS,729.7,2.8,19.85,1,460,465,729.7,0
Tanla Platforms,535.75,-5.05,-28.5,825,484,0,535.75,0
Tata Chemicals,761.3,1.66,12.4,220,661,761.3,0,735
Tata Comm,1,824.7,1.84,33,227,855,0,1
Tata Elxsi,5,413.5,7.98,400,1,773,370,0
Tata Inv Corp,708.6,0.79,5.55,286,37,708.6,0,199
Tata Tech,654.2,1.73,11.15,640,716,654.2,0,511
TataTeleservice,49.87,-0.06,-0.03,5,649,410,49.87,0
TBO Tek,1,698.6,2.8,46.2,125,665,1,698.6
Techno Electric,1,93.3,2.91,30.9,183,995,1,93.3
Tejas Networks,449.2,0.38,1.7,1,25,154,449.2,0
Ramco Cements,1,50.3,-1.29,-13.7,213,87,0,1
Thermax,2,869.9,0.67,19.1,78,202,0,2
Timken,3,32.7,0.54,16.4,23,71,0,3
TITAGARH,785,1.64,12.65,681,339,785,0,153
Torrent Power,1,279.1,2.11,26.4,502,531,0,1
Transformers,293.95,4.2,11.85,4,610,896,293.95,0
Trident,26.95,1.05,0.28,5,693,407,0,26.95
Triveni Engg,375,0.94,3.5,541,382,0,375,0
Triveni Turbine,528.4,1.06,5.55,256,311,0,528.4,0
Tube Investment,2,634.9,2.13,55,416,386,2,634.9
UCO Bank,28.65,0.42,0.12,6,755,331,28.65,0
Union Bank,154.03,-0.08,-0.12,7,568,724,0,154.03
United Brewerie,1,601.2,0.82,13,80,615,0,1
UNO Minda,1,267.8,3.36,41.2,387,162,0,0
UPL,751.55,0.96,7.15,6,64,263,0,751.55
Usha Martin,452.1,1.01,4.5,307,463,0,452.1,0
UTI AMC,1,134,-0.46,-5.2,156,99,0,1
V-Guard Ind,330.95,0.84,2.75,99,610,330.95,0,27
Valor Estate,118.41,2.52,2.91,1,10,401,118.41,0
Vardhman Text,453,0.69,3.1,129,779,0,453,0
Vedant Fashions,598.2,2.6,15.15,119,977,0,598.2,0
Vijaya Diagnost,997.25,0.45,4.5,60,470,0,997.25,0
Vishal Mega Mar,138.07,3.7,4.93,16,815,519,0,138.07
Vodafone Idea,11.96,5.84,0.66,1,241,113,159,0
Voltas,1,375.5,-1.87,-26.2,1,59,210,1
Waaree Energies,3,25.6,5.11,147.1,1,741,775,3
Welspun Corp,777.5,-0.82,-6.4,296,364,777.5,0,161
Welspun Living,135.76,2.03,2.7,1,822,636,0,135.76
Westlife Food,520.25,-0.02,-0.1,62,575,520.25,0,5
Whirlpool,926.2,0.06,0.6,232,776,926.2,0,1
Wockhardt,1,411.1,2.29,31.6,3,918,116,0
Yes Bank,21.7,1.21,0.26,86,903,781,21.7,0
Zee Entertain,90.53,0.06,0.05,9,262,270,90.53,0
Zen Tech,1,366.1,1.63,21.9,181,841,0,1
Zensar Tech,741.5,1.16,8.5,196,318,0,741.5,0
ZFCVINDIA,15,567,3.63,545,57,351,0,15
